Word,frequency
aap,2
absence,1
absurd,1
accessibility,1
administer,1
admonish,1
affect,2
aged,1
aggregate,1
agreement,2
aitc,1
alliance,1
allianceair,1
allied,1
allocate,1
alone,3
alternative,2
ancient,1
applegourd,2
appreciate,1
apprise,3
associate,1
attheend,1
augment,1
author,1
backpack,1
bawl,1
bevictorious,2
begin,3
behaviour,2
behind,4
bihar,5
birthdayofprophetmohammad,1
bjp,5
blame,1
bold,4
bookshelf,1
bottlegourd,1
bound,1
boundless,1
breathfreshener,1
brilliant,1
broad,1
brutal,1
bsp,1
buddhist,2
build,2
bully,1
call,5
calloff,1
callous,1
can,4
carryon,1
casual,1
chained,1
champion,2
chance,1
change,3
chat,3
choice,1
christian,3
clap,2
classification,3
clip,2
closeby,1
cochin,2
coldhearted,1
collectively,1
command,2
commend,1
compile,1
complete,3
comply,2
comprehend,3
concur,1
conduct,2
confer,1
confined,1
congress,1
connect,2
consent,1
contemplate,1
contest,1
continuous,1
contractual,1
contradictory,1
convey,1
cost,1
counsel,1
couple,1
courageous,1
cpi,1
create,1
daysafter,1
daysaftertomorrow,1
dd,1
deal,1
declare,1
delete,4
demonstration,1
desire,1
desk,2
difficult,2
dim,2
din,1
direct,3
dispute,1
dissent,3
disturbed,1
diversity,1
drive,5
droplet,1
eggplant,1
eject,2
elderbrother,1
eldersister,1
elderly,1
emi,2
empty,2
endure,2
energetic,2
enjoy,3
eraser,3
error,3
everytime,1
everyday,1
exhausted,1
expertise,1
faeces,1
FALSE,5
fatigued,1
fd,1
female,1
few,2
finish,3
firefromjob,1
firstlanguage,1
frustrated,1
funds,1
funny,4
gain,1
gape,1
gather,1
gawk,1
gaze,1
generalstrikemunger,1
genuine,3
goback,1
goal,2
goodbye,1
grade,1
graft,1
grasp,2
groom,1
group,4
guard,2
guide,2
halt,1
handle,2
harddrive,2
harsh,1
hazard,1
hold,2
holidays,1
home,2
hopscotch,1
horde,1
hurry,1
hyderabad,3
idemilad,1
idletalk,2
ignite,1
immeasurable,1
impact,1
inthemiddle,1
inaccuracy,2
inactive,1
inc,1
incite,2
incorrect,1
indiansquash,2
infinite,2
inflame,1
inflexible,1
influence,2
information,3
inhuman,1
inked,1
instant,1
instigate,4
instruct,3
intelligent,3
interpreter,1
isl,2
isolated,1
jain,2
jdu,1
jkpdp,1
jointly,1
joke,2
keepaneyeon,1
kindhearted,1
knowledge,3
knowledgeable,2
landlord,2
lawful,1
ldc,1
ldf,1
least,1
lessen,2
letgo,1
limitless,1
listen,3
ljp,1
loan,2
longterm,1
love,2
lowest,1
magnate,1
manage,3
manjira,1
manner,2
march,3
masculine,1
mass,1
me,2
meager,1
mediocre,1
menses,1
menstrualcycle,1
merge,1
merit,1
methods,1
microphone,1
middle,2
mine,1
mischievous,1
misconstrue,1
miss,3
mobile,4
more,2
motorcycle,3
mouse,2
murder,2
muslim,3
mysore,2
nappy,1
ncp,2
nearby,1
nearly,1
negligent,1
newlywedcouple,1
not,1
notes,1
nothing,4
notification,2
notify,3
numerous,1
obsolete,1
odd,1
ogle,1
omission,1
ontime,1
oneweek,2
onlinebanking,1
operate,1
original,3
orissa,1
outofwork,1
outdated,1
outdo,2
outside,1
overandoveragain,1
overload,1
pact,1
pain,5
pair,2
paneer,1
panipuri,1
part,2
parts,1
pause,3
pdp,1
perfume,1
peril,1
periods,1
perspective,2
photo,2
pick,4
pledge,1
points,1
ponder,1
pondicherry,1
possess,1
potty,1
praise,5
preserve,1
pressured,1
price,3
prize,2
profit,4
programme,3
protect,3
provoke,2
put,4
quantity,4
quarrel,1
question,2
quickly,3
rally,1
raniofjhansi,1
rationale,1
real,2
reduce,4
release,2
repeat,2
repeatedly,1
reporter,3
retain,2
return,4
reverse,2
review,2
richaffluent,1
ridicule,1
rightnow,1
rigid,2
rjd,3
roti,1
rough,2
route,2
rowdy,1
rubber,7
ruthless,2
save,1
sbi,1
scale,1
scared,1
scene,1
scorching,1
scratch,4
scream,1
section,1
see,4
segregate,1
select,2
separate,5
sever,1
shade,1
shield,1
shocked,2
should,2
sign,2
sikh,4
similar,4
skinny,1
slingbag,1
smart,1
snip,2
sob,1
solid,2
solo,1
sp,1
specialist,1
speech,2
split,2
spoken,1
spur,1
standard,3
standardization,1
stare,1
statistics,2
stay,3
stirup,1
store,2
strain,1
strong,3
stupid,2
style,1
subdivision,2
subject,1
subjugate,1
success,3
supervise,1
suppress,1
swap,1
swift,1
takehoursatsomething,1
target,2
teach,3
tease,2
theatre,3
theme,1
this,3
throng,1
ticket,3
tidy,1
timelimit,9
timeout,1
timepiece,1
tmc,1
tolerate,4
total,3
tour,2
transaction,2
transactioncharge,1
transform,1
trim,2
triumph,4
trophy,2
trousers,1
tycoon,1
udc,1
under,2
unemployed,3
unintelligent,1
uninterested,1
unity,2
unlawful,3
vanish,1
verbalabuse,2
victor,2
virginmary,1
wakeup,1
waterpump,2
webbanking,1
wed,1
weigh,4
weighingscale,3
welcome,3
welloff,1
whispers,2
whom,1
wishfor,1
worth,2
wristwatch,1
xerox,1
yearly,2
3g,1
4g,1
5g,1
alinedress,1
alinesilhouette,1
alineskirt,1
alot,1
aamaadmiparty,2
aamirkhan,2
abacus,1
abbreviation,1
abdicate,2
abeyance,1
able,2
about,1
above,1
abrasive,1
abrogate,1
abscond,1
absent,3
absolve,1
absorb,1
absorption,1
absorptionofwater,1
abstain,1
abstention,1
abstract,1
abstractofaccount,1
abusivelanguage,2
abuttal,1
acaciafernesiana,1
acaciamodesta,1
acceleration,1
accept,2
acceptance,1
acceptanceclean,1
acceptanceletter,1
acceptorforhonour,1
access,1
accessible,1
accessories,1
accident,2
accommodation,1
accommodationendorsement,1
accompany,2
accordion,1
accordionpleats,1
account,1
accountblocked,1
accountbook,1
accountcharges,1
accountclosed,1
accountclosing,1
accountcommission,1
accountcurrency,1
accountcurrent,1
accountday,1
accountdiscount,1
accountgovemment,1
accounthead,1
accountholder,1
accountinoperative,1
accountjoint,1
accountmargin,1
accountminor,1
accountpayeeonly,1
accountprofitandloss,1
accountrupee,1
accountsuitfiled,1
accountsuspence,1
accounts,1
accumulated,1
accurate,1
accured,1
accuse,2
ache,1
acknowledgement,1
across,1
act,1
acting,1
action,3
active,2
actor,1
actress,2
actual,1
actuary,1
adinfinitum,1
add,3
addendum,1
additional,1
address,6
adhesive,1
"adjudge,adjudicate",1
adjustablescrew,1
adjustement,1
admire,1
admissible,1
adobeacrobatreader,1
adopt,1
adoptivechild,1
adoptiveparent,1
adult,5
adultbihar,1
advance,2
advance1admin,1
advantage,2
advantagesofdrainage,1
advertisement,3
advise,2
advocate,1
advocategeneralbihar,1
aeroplane,4
aeroplanesprayer,1
affidavit,1
affirm,2
afghanistan,1
afraid,1
africa,5
after,2
afternoon,3
again,3
againandagain,1
agavefillifera,1
age,3
agenda,1
agendabihar,1
agra,5
agree,3
agriculturalrobot,1
agriculture,1
ahemedabad,1
ahmedabad,1
aim,1
aimtarget,1
air,5
airconditioner,1
airdeccan,1
airindia,1
airmatress,3
airpollution,2
airvistara,1
aircel,1
airjet,1
airmail,1
airport,2
airtel,1
aishwaryaraibachchan,1
ajmersharifdargah,1
akshaykumar,1
alarm,2
alarmsystem,1
albania,1
alcohol,1
algeria,1
aligatorclip,1
alike,2
alive,3
alkalisoil,1
all,3
allindiafederationofthedeaf,1
allindiafoundationofdeafwomen,1
allindiatrinamoolcongress,1
allah,1
allahabadbank,1
allenkey,1
allergy,3
allotment,1
allow,4
allowance,1
alloywheel,1
ally,1
almost,1
alphabet,1
already,2
alternatecurrent,2
altitude,1
aluminium,2
always,2
amalgamation,1
amazed,1
amazon,4
ambulance,1
amendments,1
ammeter,2
among,1
amount,4
ampere,1
amplitude,1
amritsar,5
analysis,1
andhrapradesh,2
angel,2
angle,3
angleofrefraction,2
angry,7
angularvelocity,1
animals,4
anklets,2
anniversary,1
announce,2
annual,3
annualforfoliagebeauty,1
annualplants,1
annualreport,1
anonymous,3
anonymouscomplaint,1
anorak,1
another,1
answer,1
ant,5
antarctica,1
antartica,1
anticorruptionlaw,1
anticorruptionlawbihar,1
antivirus,2
anticlockwise,2
anxious,1
any,2
apartment,1
apexcourt,1
apiculturebeekeeping,1
apiculturist,1
app,3
apparatus,1
appear,1
appearance,1
applause,1
apple,2
appliancescontrol,1
applicant,2
application,2
applique,1
appointment,3
appreciation,1
approach,1
approval,1
approve,2
approximate,2
april,3
aquaticplantsofvariouscolour,1
arcwelding,1
archaeologist,1
archery,1
architect,1
area,5
argentina,2
argue,2
argument,1
arm,3
armhole,1
armed&dangerousbihar,1
armenia,2
armsandamunitions,1
army,1
around,3
arrears,1
arrest,2
arrogate,1
art,2
artesianwell,1
artificial,1
arunachalpradesh,3
asbestos,1
asia,2
ask,3
asphaltconcrete,1
asphyxia,1
aspiration,1
assailant,1
assam,3
assamteagardens,1
assassination,2
assault,1
assembly,2
assets,1
assistance,1
assistant,1
assistantprofessor,1
associateprofessor,1
association,2
associationofsignlanguageinterpreters,1
assume,1
asthma,1
astigmatism,1
astronaut,1
astronomy,1
asymmetricaldesign,1
asystole,1
at,1
athlete'sfoot,1
atm,1
atmosphere,1
atom,1
attachmentofproperty,1
attendancerecord,1
attendant,1
attitude,2
attorney,1
attorneygeneral,1
attraction,1
attractiveforce,1
audi,1
audience,1
audiofrequency,1
audiologist,1
audit,1
auditorium,1
auger,1
august,7
aunt,1
australia,4
austria,1
authentic,1
authorisation,2
authorisedsignature,1
autocracybihar,1
"autocracy,autocrat",1
automatic,2
automation,1
automobiles,1
autorickshaw,2
autumn,1
available,1
avalanche,1
average,3
avoid,1
award,2
away,1
axe,2
baby,2
back,6
backdate,2
backache,1
backdatebihar,1
backdoorortrapdoor,1
background,1
backup,1
backyardsystemofpoultry,1
bacteria,1
bacterialdiseasesanimals,1
bad,6
badconductor,1
baddebts,1
badlanguage,2
bag,3
bahujansamajparty,1
bail,1
bajajbike,1
bake,2
balance,2
balanceclosing,1
balanceopening,1
balanceoutstanding,1
balancesheet,1
balcony,2
balconygarden,1
baldness,1
ball,2
ballbearing,1
ballcricket,1
ballpeinhammer,1
ballpointneedle,1
ballroom,1
ballastdevice,1
ballonpump,1
balloon,3
balmacaan,1
baluster,1
bamboo,1
ban,2
banana,2
bananatree,1
banaras,1
bandcollar,1
bandage,2
band-aid,1
bandh,2
banditmunger,1
bandratoworlisealink,1
bangalore,1
bangladesh,1
bangles,2
banian,2
bank,1
bankaccountnumber,1
bankbranchaddress,1
bankbranchcode,1
bankbranchname,1
banknationalised,1
bankofbaroda,1
bankofmaharashtra,1
banker,1
bannergujarat,1
bannerhyderabad,1
bar,1
barmegnet,1
barber,2
bark,2
barleriacristata,1
barricadegujarat,1
baseboard,1
baseball,1
baseballjacket,1
basic,1
basicpay,1
basics,1
basil,1
basketofcurrencies,1
basketball,1
bat,1
bateauneckline,1
bath,3
bathtub,1
bathroom,3
batman,1
batminton,1
batonornightstick,1
batteredchildsyndrome,2
battery,2
bauhiniaaccuminata,1
beadingneedles,1
beak,2
beaker,1
beam,1
beans,1
bear,4
bearer,1
beat,3
beautiful,3
become,1
bed,2
bedroom,3
bedsheet,2
beer,3
beetroot,1
before,3
belcony,1
belgium,1
belief,2
believe,1
bell,5
bellbottom,1
bellsleeve,1
bellboyjacket,1
below,2
belt,3
beltloops,1
bench,2
benchmark,1
bend,1
benefit,2
bengali,2
benign,1
bermudashorts,1
berth,1
bertha,1
besompocket,1
best,3
bestialityorzoophiliaorsodomy,1
better,1
between,3
beverages,1
bhangada,1
bharatiyajanataparty,5
bhopal,1
bhubaneswar,2
biascowldress,1
biasedsign,2
bib,1
bible,1
biconcavelens,1
biconvexlens,1
bicycleshorts,1
big,2
bigamy,1
bike,3
bikeoilfilter,1
bikesilencerpipe,1
bikesuspension,2
bileductcancer,1
bilingual,1
bill,7
billofexchange,1
billspurchased,1
billsreceivable,1
bimetallic,1
binary,1
bindi,1
bingeeating,1
bioenergy,1
biomass,1
bipedalrobot,1
bird,1
birds,1
"birds,winds,fly",1
birth,2
birthdefect,1
birthday,3
biscuit,2
bishopsleeve,1
bite,3
bitter,1
bittergourd,1
black,4
blackboard,1
blackmarket,1
blackberry,1
blackboardduster,2
bladdercancer,1
bleedingdisorders,1
bless,1
blight,1
blind,1
blindstitch,1
blindnessandlowvision,1
blinds,1
blocks,1
blood,3
bloodpressure,4
blouse,5
blow,1
blue,4
bluefloweredplants,1
bluetooth,2
blurring,1
bmw,1
boat,2
bobbinet,1
bodice,1
body,3
bodypain,1
bodyparts,1
bodypiercing,1
bogie,1
boil,2
bolerojacket,1
bollingpoint,1
bolt,2
bonafidesign,1
bond,1
bone,3
bonecancerosteosarcomaandmalignantfibroushistiocytoma,1
bonus,2
book,2
bookcase,1
boolean,1
bored,1
boring,1
boringmachine,1
born,1
borrow,1
borrower,1
bosnia-herzegovina,1
boss,1
both,1
bottle,3
bowtie,1
bowl,4
bowledout,1
bowler,1
box,1
boxpleats,1
boxing,2
boy,2
boyfriend,1
brahma,1
brain,6
braininjury,1
brainstemglioma,1
braintumorinside,1
braintumoroutside,1
branch,3
brandishingofaweapon,1
brass,2
brave,3
brazil,1
bread,3
breadboard,1
break,3
breakfast,1
breastcancer,1
breathalyzertest,1
breathe,2
breedsofpoultry,1
bribe,1
brick,2
brickmasonry,1
bride,1
bridegroom,1
bridge,1
briefcase,1
bright,2
bring,1
brinjal,2
brittle,1
brochure,1
brokerage,1
bronchialtumors,1
broom,2
brothel,1
brother,4
brown,4
brownsportofrice,1
browse,1
brush,1
bsnl,1
bucket,3
buckle,1
bud,2
buddah,1
buddhapurnima,2
buddhastatue,1
buddhism,2
budget,2
buffalo,5
buffet,1
bug,2
bugle,1
bugsbunny,1
builder,1
building,1
buildingstructure,1
bulb,4
bulk,1
bull,1
bullettrain,1
bullockcart,1
bullycalf,1
bumpcutter,1
burden,2
burger,1
burglar,1
burn,1
burundi,1
bury,3
bus,3
busconductor,2
busstand,1
bushes,1
business,4
busy,3
butter,2
butterfly,2
buttondown,1
buttonhole,1
buttonloop,1
buttonplacket,1
buy,1
buyer,1
bye,1
cabbage,2
caftan,1
cage,1
cajanusinducus,1
cake,1
calculation,2
calculator,5
calcutta,1
calendar,3
calendaryear,1
calldeposit,1
callmoney,1
calm,3
calorie,1
calorimeter,1
cam,2
cambodia,2
camel,3
camera,1
camouflage,1
canada,2
canarabank,1
cancel,2
cancer,3
candle,3
canteen,1
cap,3
capsleeve,1
capable,1
capacitor,2
capacity,1
capital,6
capitalpunishment,1
capltlarytube,1
capri,1
capsicum,2
car,2
carburetor,1
carcinoidtumor,1
card,1
careful,3
careless,2
cargopocket,1
carnivorusfishes,1
carpenter,4
carpet,1
carrom,2
carrot,2
carry,1
cartidge,1
cartoon,2
cash,2
cashbook,1
cashcertificates,1
cashcredit,1
cashcreditkey,1
cashreceipt,1
cashremmitance,1
cashier,1
casio,1
cassette,1
cat,6
catalogue,1
cataract,1
catch,3
catchstitch,1
category,2
cauliflower,1
causeofaction,1
causingagent,1
cave,3
cd,1
ceiling,1
celebrate,1
celeprate,1
cell,6
celsius,1
cement,1
cementmortar,1
center,1
centerback,1
centigram,1
centimeter,1
centimetre,2
centralprocessingunit,1
centrefront,1
centreofcurvature,1
centrifugal,1
centripetal,1
century,1
cerealdisease,1
cerebralpalsy,1
certificate,2
cervicalcancer,1
chaindrive,1
chainreaction,1
chainsurveying,1
chair,2
chalk,3
chamber,1
chamfering,1
chandigarh,2
changeinstate,1
changeintemperature,1
changeofvenue,1
chapathi,1
chapati,1
chapter,1
charge,2
chargesheet,1
chart,2
chase,1
cheap,2
cheat,2
chef,1
chemicalenergy,1
chemistry,1
chennai,5
cheque,4
chequecrossed,1
chequedropbox,1
chequeendorsement,1
chequefraudulent,1
chequegift,1
chequemutilated,1
chequepostdated,1
chequeretumedmemo,1
chequestale,1
chequetravellers,1
cherry,1
chess,1
chest,2
chesterfieldcoat,1
chew,2
chhattisgarh,2
chicken,1
chickenmesh,1
chickenpox,1
chickoo,1
chickpea,1
chicks,1
chief,1
chiefjustice,1
chiefminister,2
chikoo,1
child,1
childabuse,1
childprostitution,1
children,2
chile,2
chilli,1
chillie,1
chimney,1
china,4
chipping,1
chocolate,1
choking,1
cholera,4
choose,1
christianity,1
christmas,8
chronicillness,1
church,1
cifnumber,1
cillnicalthermometer,1
cinema,3
cinemahall,2
circle,3
circuit,1
circuitbreaker,1
circular,1
circularmotion,1
circus,1
citrusvulgaris,1
city,3
civilengineering,1
cl,1
claim,1
class,1
classroom,1
classificationaccordingtopartsusedforcrop,1
classificationbasedonseason,1
classificationbasedonthetransplantingcapacity,1
classificationoffungus,1
classificationofhedges,1
classificationofpoultrydiseases,1
classificationofpoultryfeeds,1
classificationofshrubs,1
classificationofvegetables,1
clauses,1
clawhammer,1
clean,2
cleanbill,1
clear,2
clearinghouse,1
clerk,2
clever,5
client,1
climb,1
climbdown,1
climbup,1
clinic,1
clock,4
clockwise,1
close,3
closefriend,1
closerelation,1
closeup,1
cloth,2
cloud,1
clouds,2
cloudy,1
clown,2
club,2
clumsy,1
clutchlever,1
cngstonecarvingmachine,1
coaccused,1
coach,1
coal,2
coarseaggregate,1
coat,3
coatdress,1
cobbler,3
coccidiosis,1
cock,3
cockerels,1
cockroach,3
coconut,4
codedmessage,1
coffee,1
coffeerust,1
coherent,1
cohesive,1
coimbatore,2
coin,2
cold,5
colddrink,1
coldforfood,1
collect,2
college,2
colllsion,1
colombia,1
colour,2
colourfilter,1
colourpalette,2
colouredfollageshrubs,1
column,1
comb,3
combine,2
come,3
comeback,1
comfortable,3
commerce,1
commercialbuilding,1
commercialvegetablegardening,1
committee,2
common,2
commoncold,1
communicate,2
communication,1
communistpartyofindia,1
community,1
compactdisc,1
compaction,1
company,2
companyjointstock,1
companypartnership,1
companysecretary,1
compare,2
compass,2
compasssurveying,1
compate,1
competition,3
complain,2
complainantandcomplaint,1
complaint,1
compositing,1
compositionofmilk,1
compoundinterest,1
compoundmicrospe,1
compress,1
compression,1
compromise,1
compulsory,1
computer,2
computerisation,1
computing,1
concave,1
concavelens,1
concavemirror,1
concealmentofidentity,1
concentrate,2
concept,2
concession,1
conciliation,1
conclude,2
concrete,2
concretemixture,1
concurrent,1
condition,1
condom,2
conductor,1
cone,3
conference,7
confess,1
confession,1
confidence,2
confident,2
confidentialreport,1
confirm,4
confirmedmember,1
confused,4
congratulations,2
conservation,1
conserve,1
constant,1
constitutionalrights,1
construct,1
construction,1
constructioncontract,1
consultant,1
continent,1
continue,2
contract,2
contraction,1
control,3
conversion,1
convert,1
convertiblecollar,1
convex,1
convexlens,1
convexmirror,1
conveyanceallowance,1
cook,3
cooker,1
coolie,2
coolingsheet,1
cooperate,1
coordinate,1
cop,1
copcar,1
copper,2
copperwire,1
copy,3
copyandpaste,1
coreldraw,1
corn,3
corporationbank,1
correspondingbranch,1
corruption,2
cosmetics,2
costarica,1
cotober,1
cottagecheese,1
cotterring,1
cough,3
count,1
counter,1
countersinking,1
country,2
courier,2
course,1
court,1
courthall,1
cover,2
cow,2
cowl,1
cowlsleeve,1
crawlerloader,1
crayons,2
cream,3
crease,1
created,1
credit,1
creditpurchase,1
creditsale,1
creditvoucher,1
creeper,2
cremate,2
cricket,1
crime,1
crimescene,1
criminalcourt,1
criticize,1
croatia,1
crocodile,2
cropped,1
croppingtool,1
crops,1
cross,1
crossbeltdrive,1
crossing,1
crow,2
crowbar,1
crowd,1
crown,1
cruel,2
cry,3
cucumber,1
cuffs,1
culottes,1
cultivators,1
cummerband,1
cunning,2
cup,2
cupboard,2
curd,1
curds,2
cure,2
curing,1
currencychest,1
current,1
curry,1
curtain,2
curvature,1
curved,1
custardapple,1
custody,1
customerservice,1
cut,7
cutline,1
cute,2
cutlery,2
cutout,1
cycle,2
cycling,2
cylinder,5
cyprus,3
czechrepublic,3
daily,1
dailylist,1
dairyfarmrecord,1
dairyscience,1
daisychaining,1
dam,1
dampproofingmaterial,1
dance,1
danger,1
dangerous,1
dark,1
dartsmunger,1
dasara,3
dash,1
data,1
date,6
dateofretirement,1
daughter,2
day,5
dayafter,3
dayaftertomorrow,1
daybefore,2
daybook,1
daysbefore,2
deadline,8
deadlyweapon,1
deaf,3
deafness,1
deathcertificate,1
deathinservice,1
deathrow,1
debate,1
debitadvice,1
debitcard,3
debt,1
debtdoubtful,1
debug,1
decade,1
deceased,1
deceive,1
december,3
decide,3
decimal,1
declaration,1
decline,1
decrease,5
deductionatsource,1
deedofsale,1
deeprooted,1
deepikapadukone,1
deer,4
default,1
defend,3
defraud,1
degree,3
dehradun,2
delegate,2
delegatewestbengal,1
delegation,1
delhi,3
delicious,1
delivery,1
demand,1
demanddraft,2
demarcationwestbengal,1
demolishing,1
dengue,1
denmark,1
denomination,1
density,1
department,1
deploy,1
deposit,1
depositsafecustody,1
depositshort,1
depositslip,1
depreciation,1
depth,1
depthofroots,1
deputation,1
deputydirector,1
dermatits,1
descendant,1
desert,2
designer,1
designing,1
desktopbackground,1
desktopcleanupwizard,1
despatch,2
destroy,2
detective,1
determined,1
develop,1
development,1
developmentaldelay,1
devicesetting,1
devil,1
dhobi,2
dholak,1
dhothi,2
dhoti,1
dhotipants,1
diabeletes,1
diabetes,3
diabetic,1
diaeases,1
diagonal,1
diaper,1
diarrhea,1
dice,1
dicotyledoneae,1
dictionary,1
die,3
diesel,2
diet,2
difference,2
different,2
differentialrateofinterest,1
diffraction,1
dig,1
diggingbar,1
digitalelectronics,1
dinner,2
diode,2
directappointment,1
directcurrent,2
direction,2
director,2
dirndlskirt,1
dirty,2
disability,1
disabled,1
disagree,3
disappear,2
disapproval,1
disbursement,1
discbrakemastercylinder,1
discharge,1
discipline,1
disconnect,1
discount,2
discover,1
discretionarylimit,1
discusthrow,1
discuss,2
disease,2
diseasecontrolofplant,1
diseases,1
diseasesandenemiesoffish,1
diseasesofanimals,1
disguise,1
dish,1
dishantenna,1
dishonouredbill,1
dislike,1
dismissal,1
disobey,1
disolution,1
dispersion,1
displacement,1
disrespect,1
distance,3
distancelearning,1
distribute,3
distribution,1
district,2
districtcourt,1
districtjail,1
dithering,1
divide,5
dividend,1
diving,1
division,2
divisionadmin,1
divorce,1
divorcepetition,1
divorcee,1
diwali,4
dizzy,1
do,2
doctor,1
document,1
documents,1
documentsoftitle,1
doe,1
dog,4
doliincapax,1
doll,1
dollar,1
dolly,1
donaldduck,1
donkey,4
don't,1
door,3
dosa,1
double,1
doubleclick,1
doubleentry,1
doubt,2
down,1
download,1
draft,2
draftsmen,1
drainge,1
drama,1
draughtsman,1
draw,2
drawstring,1
drawer,4
drawing,1
dream,2
dress,3
drillbit,1
drillingmachinepedestal,1
drink,2
dripirrigation,1
driver,2
drizzle,1
drop,4
dropcap,1
dropbox,1
droppedarmholesleeve,1
drown,1
drug,5
drugabuseandaddiction,1
drugaddiction,1
drugoverdose,1
drum,1
drumstick,1
drunkdriving,1
drunkdrivinglaw,1
dry,2
drycell,1
dtp,1
dubai,3
duck,6
duffle,1
dull,1
duplicate,1
durantaspinosa,1
duration,1
durga,1
during,2
durontoexpress,1
dussehra,2
dust,1
dustbin,2
duster,1
dvd,1
dwarf,1
dwarfornamentalhedges,1
dysuria,1
ebook,1
each,2
eagle,3
ear,1
earn,2
earth,4
earthrammer,1
earthquake,3
east,5
easter,2
easy,2
eat,3
e-book,1
echo,1
eclipse,4
economic,1
economicimportanceoffishinindia,1
economics,2
eczema,1
edge,1
edit,2
education,2
egg,3
egypt,4
eight,2
eighteen,2
elsalvador,2
elastic,1
elbow,2
election,2
electricappliances,1
electricbike,1
electricbus,1
electriccar,1
electriccharge,1
electrictester,1
electricalburns,1
electricalenergy,1
electricalengineering,1
electricalleakage,1
electricalservice,1
electricaltester,1
electrician,3
electricity,1
electrode,2
electrodeholder,1
electrolyte,1
electromagnet,1
electromagneticwave,1
electron,1
electronics,1
elephant,4
eletronegativeforce,1
elevatedplot,1
elevation,1
elevator,1
eleven,2
eliminate,1
ellipsetool,1
email,1
e-mail,1
emailnotification,1
embarrass,2
embroidery,2
embryonicdevelopment,1
emergency,2
emergencymedicaltechnician,1
emoluments,1
emphasize,1
employment,1
empowerment,1
encashment,1
enclosure,1
encourage,2
end,1
enduse,1
enemy,3
energy,1
energymeter,2
engagement,3
engine,4
engineer,2
engineeringcompass,1
engineeringscale,1
england,4
english,1
englishmumbai,1
enough,2
enquiry,1
entertainment,1
envelope,2
environment,3
environmentalpollution,1
eofficeportal,1
epaulet,1
epistaxis,1
equal,3
equation,1
equator,2
equipment,1
erect,1
ernission,1
errorofomission,1
escape,4
essay,1
esselworld,1
establish,1
establishment,1
estimate,1
ethics,2
europe,2
evening,5
event,1
everything,2
evil,1
ewe,1
exam,1
examination,2
examine,1
example,1
excavation,1
exchange,2
exchangeforeign,1
exchangepositions,1
excited,1
exclude,1
excrement,1
excuse,1
excuseme,1
exemption,1
exercise,3
exhaustpump,1
exoticsheep,1
expansion,2
expenditure,1
expensive,4
experience,1
experiment,4
expert,2
expiry,2
explain,4
export,1
exportinggraphics,1
express,2
expresstrain,1
extend,1
extensioncounter,1
extermalcombustionengine,1
external,1
externalparasite,1
extinct,2
extra,2
extrahepatic,1
eye,3
eyebrow,1
face,2
facevalue,1
facsimilesignature,1
factorisation,1
factory,2
fail,1
faith,2
fake,1
fall,1
falseflooring,1
family,2
familycourt,1
familytree,1
famous,2
fan,2
far,2
fare,1
farm,1
farmer,1
fashion,1
fast,1
fastgrowingtemporaryhedges,1
fasttrackcourt,1
fat,1
fattestofmilk,1
father,4
faucetaerator,1
fax,1
fear,2
feather,2
february,2
feed,1
feel,2
festivals,1
fever,1
field,2
fight,1
figure,1
filament,2
file,2
fill,1
film,2
filterpump,1
final,1
finalaccounts,1
finance,1
financialyear,1
find,1
fine,3
fingerprints,1
fingers,2
fingerspell,1
fioppy,1
fir,1
firbox,1
fire,2
firstcharge,1
firstcoat,1
firstfloor,2
fish,2
fishasafoodofcattle,1
fishasahumanfood,1
fishfood,1
fisherman,1
fishingforgamessports,1
fishingnet,1
fishries,1
fitted,1
five,2
fivehundred,2
fixedasset,1
fixeddeposit,1
fixedrate,1
flag,1
flat,1
flatbelt,1
flatgardens,1
flatfoot,1
flatulence,1
flexible,1
float,2
floatingplants,1
flood,2
floor,2
flooring,1
floppydisk,1
floppydrive,1
floriculture,1
flouncehem,1
flouresence,1
flower,2
flowerforbeautification,1
flowerforcontrollingsoilerosion,1
flowerforexhibition,1
flowerforhangingbaskets,1
flowerformedicalimportance,1
flowerforrecreation,1
floweringhedges,1
flowersforpot,1
fluctuation,1
flugpoint,1
fluidpressure,1
flushdoor,1
flute,2
flutedpleats,1
fly,1
focallength,1
fog,1
folder,1
foldingscreens,1
folio,1
follow,3
fontweight,1
food,2
fool,1
foolish,1
foot,3
footbodypart,1
footpath,2
footage,1
football,1
force,3
forehead,1
foreign,1
forest,1
forever,1
forged,2
forget,2
forgive,1
fork,1
form,5
format,2
former,1
formuia,1
fornication,1
fossllfueis,1
foundation,1
foundationorganization,1
four,2
fourcricket,1
fourteen,2
fox,3
france,2
frank,1
fraud,1
frayedges,1
free,2
freexing,1
freeze,2
freezing,1
frequency,1
fresh,2
frictionalforce,1
friday,9
friend,3
frisbee,1
froagecrops,1
frock,2
frog,4
from,2
fruitdisease,1
fruits,2
frustrate,1
fry,1
fryers,1
full,4
fullframe,1
fullmoonday,2
fullstomach,2
fumiture,1
fun,1
fund,1
funding,1
funeral,2
funeralcremation,1
funeralpyre,1
funnelneck,1
fuse,1
future,1
galaxy,1
galvanometer,1
games,1
gammaray,1
ganapathi,2
gandhinagar,1
gangbox,1
gangtok,1
garage,1
garagedooropener,1
garden,2
gardener,2
garibrathexpress,1
garlic,2
gas,1
gasequation,1
gaslighter,1
gaspipe,1
gasstove,4
gastractor,1
gate,3
gauchopants,1
gazette,1
gears,1
general,1
generalladger,1
generalsecretary,1
generator,2
genius,1
geodeticsurvey,1
geodeticsurveying,1
geography,2
geometry,1
georgia,1
geothermalenergy,1
germanmeaslesrubella,1
germany,2
germination,1
get,1
getup,1
geyser,1
ghana,1
ghee,1
ghost,1
gift,1
gigabyte,1
ginger,3
gionee,1
giraffe,2
girl,3
girlfriend,1
give,1
glass,4
glassblock,1
glassbod,1
glasscutter,1
glassstab,1
globe,1
gloves,4
glue,1
gluegun,1
go,2
goair,1
goa,3
goat,6
god,1
godet,1
golgappe,1
gold,4
goldentemple,1
goldfish,1
golf,1
good,6
goodafternoon,1
goodmorning,1
goodnight,1
goods,1
goodsretumed,1
googlechat,1
googlemap,1
googlepay,1
gossip,3
government,2
gprs,1
graders,1
grain,1
gram,3
grammar,1
granddaughter,3
grandfather,3
grandmother,3
grandson,3
grapes,1
graphics,1
graphicstablet,1
grass,3
gravity,1
greedy,1
green,4
greenbean,1
greenhand,1
grenade,1
grey,3
grill,1
grind,1
grommets,1
gross,1
groundwater,1
groundnut,1
grow,6
growth,1
grudge,1
guava,1
guess,1
guilt,1
guilty,4
guinea,1
guitar,2
gujarat,5
gujarati,2
gulabjamun,1
gun,3
gurunanak,1
gurunanakjayanti,1
gurudwara,2
gurunanakjayanthi,1
gutka,1
guwahati,1
habit,1
hacksawblade,1
hacksawframe,1
hacksaw,1
hail,1
hair,3
hairclip,1
hairdryer,2
hairdresser,1
hajialidargah,1
half,3
haltertop,1
haltingallowance,1
hammer,1
hand,2
handcymbals,1
handrail,1
handsanitizer,1
handcuffs,1
handicapped,1
handkerchief,3
handpumpwater,1
hands,1
hang,2
hanger,1
hanuman,4
happen,1
happy,3
harass,1
harbour,1
hard,6
hardconsistencysoil,1
harddisk,2
hardofhearing,1
hardware,1
hardworking,4
hariyana,1
harmonium,2
harvest,1
haryana,1
hashtag,1
hat,1
hatchet,1
hate,3
have,1
hawker,2
hdfcbank,1
he,2
head,3
headofincome,1
headoffice,1
headpan,1
headache,1
health,2
hear,4
hearing,2
hearingaid,2
hearsay,1
heart,2
heat,1
heatengine,1
heavier,1
heavy,1
hedgesforprotection,1
heifercalf,1
heir,1
helicopter,1
help,2
hemophilia,1
hen,2
her,1
here,1
herniatedintervertebral,1
herpes,1
herpsvirus,1
hers,1
herself,1
hesrt,1
hexadecimal,1
hiddenfile,3
hide,1
high,1
highcourt,1
highresistance,1
hill,2
hillgarden,1
him,1
himachalpradesh,1
himself,1
hindi,1
hindu,2
hinduundividedfamily,1
hip,2
hiphugger,1
hippo,2
hirecharges,1
hirepurchase,1
his,1
history,1
hoarding,1
hockey,1
hoe,1
holder,1
hole,2
holi,1
holiday,1
hollow,1
hollowblocks,1
holster,1
holy,1
homegardens,1
homicide,1
honey,1
honorarium,1
hookandeye,1
hookwormdisease,1
hop,1
hope,2
horizontal,1
horizontalline,1
horizontalsurface,1
horns,2
horse,2
horsecart,1
hospital,1
hosticide,1
hot,6
hotairballoon,2
hottofeel,1
hotel,3
hour,2
hours,2
house,2
housefly,3
housing,1
housingloan,1
how,1
howbig,1
howmany,2
howmuch,1
hrithikroshan,1
hsbcbank,1
htcmobile,1
html,1
htmltag,1
huaweimobile,1
hug,2
huge,1
humble,1
humid,2
humidity,1
humped,1
hundred,2
hungary,1
hungry,3
hurdlerace,1
hurryup,1
hurt,1
husband,5
hut,1
hydathodes,1
hydraulicsprayer,1
hydrauticbrake,1
hydrauticlift,1
hydrauticpress,1
hydroelectricity,1
hydroenergy,1
hydrology,1
hydropneumaticsprayer,1
hygiene,3
hypotension,1
hypothecated,1
hypoxia,1
i,2
idon'tknow,1
ipad,1
iunderstand,1
iballmobile,1
icecream,2
icehockey,1
iceland,1
icicibank,1
idbibank,1
idd,1
idea,1
identical,1
identification,1
identity,1
identitycard,1
idfcbank,1
ifsc,1
illegal,3
illiterate,1
image,1
immediate,2
immiscibility,1
immovableproperty,1
implementation,1
import,1
important,1
improve,1
improvement,1
impure,1
in,3
inadvance,1
infrontof,1
inlieuof,1
inmultiplesof,1
inauguaration,1
inauguration,1
incentive,1
inch,2
incharge,1
include,1
income,1
incometax,1
incompetence,1
increase,7
indent,1
independenceday,1
independent,2
index,1
india,7
indiagate,1
indiannationalcongress,1
indiansignlanguage,2
indiansignlanguageinterpretersassociation,1
indiansignlanguageresearchandtrainingcentre,1
indiansignlanguageteachersassociation,1
indicator,1
indigo,2
indiragandhi,1
individual,3
indonesia,1
indoorgardening,1
indorsement,1
inductor,1
industrialbuilding,1
industry,3
inefficient,1
inelastic,1
infanticide,1
infection,1
infinity,1
inflammatoryboweldisease,1
influenzaflu,1
inform,3
informal,1
infraredray,1
infrasonic,1
ingadulicis,1
inheritance,1
initial,2
initials,1
initiative,3
injection,1
injury,1
innershellmembrane,1
innovate,1
input,2
insect,3
insects,1
inspection,1
inspire,1
instagram,2
installation,1
instalment,1
institute,1
institution,1
instruction,1
instrument,2
instument,1
insult,5
insurance,2
integratedchip,1
intelligence,1
intemal,1
intensity,1
intensive,1
interbranchtransaction,1
interest,10
interestonsavingsaccount,1
interestsimple,1
interfere,1
interference,1
interim,1
interlining,1
intermalcombustionengine,1
intermediate,1
internal,1
international,2
internet,1
internetbanking,1
internetdisconnection,1
interpret,2
interrogation,1
interruption,1
interval,1
interview,2
intestate,1
introduce,2
introduction,1
invalid,1
invent,2
inverse,1
inverter,1
investment,1
invite,1
involve,1
iphone,1
iran,1
iraq,1
ireland,1
iron,7
irregular,1
irregularvibration,1
irreversible,1
irrevocable,1
islam,2
island,3
israel,1
isreal,1
it,3
italy,1
itch,1
item,1
its,1
it'srainingcatsanddogs,1
itself,2
jkbank,1
jabot,1
jackplane,1
jacket,1
jackfrui,1
jackfruit,2
jagannathrathayatra,1
jail,2
jailor,1
jainism,1
jaipur,3
jalmahal,1
jalebi,1
jalpur,1
jam,2
jamamasjid,1
jamaica,1
jammu&kashmir,1
jammuandkashmirpeoplesdemocraticparty,1
jammukashmir,1
jams,1
jamun,1
janitor,1
janmashtami,2
jantadalunited,1
jantarmantar,1
january,6
japan,1
jasmine,1
jasminumsambac,1
jaundice,3
javelinthrow,1
jawaharlalnehru,2
jealous,2
jeep,1
jellyfish,1
jesus,1
jesuschrist,1
jetairways,1
jew,2
jewelneckline`,1
jewelery,1
jeweller,1
jharkhand,1
job,3
jobconsciousness,1
jobless,2
jodhpurpants,1
johnabraham,1
join,3
jointing,1
jordan,1
joule,1
joumal,1
joumalentry,1
journalist,2
judaism,1
judge,3
judgement,2
judicial,1
juhubeach,1
juice,2
julietsleeve,1
july,3
jump,2
june,3
junior,1
jupiter,1
justice,1
kajal,1
kaleidoscope,1
kalimata,2
kamataka,1
kangaroo,2
kangaroopocket,1
kannada,3
kanpur,1
kaposisarcoma,1
karate,2
kareenakapoorkhan,1
karnataka,1
karnatakabank,1
kathakali,1
kazakhstan,2
keep,2
keeper,1
kelvin,1
kenya,2
kerala,4
kerning,1
key,4
keyboard,1
keyhole,1
keying,1
kick,2
kickout,1
kidnap,1
kidnapping&abducting,1
kidneybeans,2
kidneycancerrenalcell,1
kidneydisease,1
kill,4
kilogram,3
kilometer,1
kilometre,1
kind,3
kindsofgermination,1
kindsofhoneybeefoundinindia,1
kineticenergy,1
king,3
kiss,2
kitchen,6
kite,2
knee,2
knife,5
knit,1
knock,1
know,2
knowyourcustomerkycform,1
knowledgeworking,1
knownloss,1
knurling,1
kochi,2
kohima,2
kolkatacalcutta,2
konarksuntemple,1
korea,2
kotakmahindrabank,1
krishna,2
kumbhmela,2
kurta,4
kuwait,2
lsquare,1
l.e.d,1
label,2
laboratary,1
labour,1
labourer,1
laceedgebinding,1
lacing,1
lack,1
ladder,5
laddu,1
ladiesfinger,1
lady,1
ladyfinger,1
lake,3
lakshmi,1
lakshmibai,1
lame,1
lamp,1
land,6
landacquisition,1
landcess,1
landholding,1
landimprovementreform,1
landrevenue,1
language,1
lantanacamera,1
laos,1
lapel,1
lapse,1
laptop,2
large,1
lassi,3
last,1
lastmonth,1
lastpaycertificate,1
lastweek,1
lastyear,1
late,5
lathe,1
latitude,1
laugh,2
lauki,1
law,3
lawn,1
lawyer,3
layoff,1
layout,1
layeredskirt,1
laying,1
lazy,3
lc,1
ldli,1
lead,2
leader,1
leaders,1
leaf,6
leafspring,1
leafyvegetables,1
leak,1
learn,4
leastcount,1
leather,2
leave,3
leavecompensatory,1
leaveduty,1
leaveearned,1
leaveextraordinary,1
leavemedical,1
leavepreparatorytoretirement,1
leavestudy,1
lebanon,1
lecture,1
lecturer,2
ledger,1
ledgerbalance,1
leer,1
left,2
leftdemrocaticfront,1
leftindent,1
leg,2
legmuttonsleeve,1
legal,2
legaladvisor,1
legalclaim,1
legalese,1
legallyprotected,1
leggedrobots,1
lemon,2
lend,2
lenovo,1
lens,1
lentils,1
leprosy,2
less,2
letter,2
letterofauthority,1
level,3
levelrate,1
levelling,1
lfc,1
lgmobile,1
lgnore,1
liberia,1
librarian,1
library,2
libya,1
lic,1
licence,1
"licence,licencee",1
license,3
lick,1
lie,5
life,1
lifejacket,1
lifelong,1
lift,3
light,7
lightfixture,1
lightyear,1
lighthouse,2
lightning,3
like,2
likesocialmedia,2
limepaste,1
limit,1
limnology,1
line,1
linesandpins,1
link,1
lintel,1
lion,3
lips,3
lipstick,2
liquid,3
liquidfueis,1
liquidation,1
liquor,1
list,4
litre,3
little,2
live,1
livelihood,3
lizard,2
lnaugurate,1
loanterminable,1
local,2
localtrain,1
lock,3
locker,1
logoff,1
logic,1
login,1
lokjanshaktiparty,1
lollipop,1
lonely,1
long,2
longdayplant,1
longjump,2
longitude,1
longitudinalwave,1
look,1
loose,1
looseleafbinder,1
lorry,3
lose,2
lossesduetoexessivewater,1
lotus,2
lotustemple,1
loud,1
loudspeaker,1
lovemarriage,1
low,1
lowlyingarea,1
lowercourt,1
lowerdivisionclerk,1
lubricationoil,1
luck,1
lucknow,1
lucky,1
lumberjack,1
lumpsum,1
lunancy,1
lunareclipse,1
lunch,2
luster,1
macau,1
machine,1
machinecontrolunit,1
machinescrew,1
machinewaterpump,1
machines,1
madagascar,1
madhyapradesh,2
magic,4
magician,2
magnet,4
magneticinkcharacterrecognition,1
magnetism,1
magnification,1
mahashivaratri,3
maharashtra,2
maharastra,1
mahatmagandhi,1
mahavir,1
mahavirjayanthi,1
mahavirjayanti,2
mahendrasinghdhoni,1
mail,1
main,1
mainscale,1
mainsworn,1
maintenanceallowance,1
major,1
majority,1
make,2
makealongstoryshort,3
malawi,1
malayalam,2
malaysia,1
male,1
mali,2
mall,1
mallet,1
man,3
management,1
manager,1
mandatory,1
mango,2
manipur,5
manualofinstruction,1
manufacture,1
manure,1
many,2
map,1
marathi,1
margin,1
marigold,1
mark,1
market,1
marketingofvegetables,1
markingtable,1
marry,1
mars,1
marth,1
maruticar,1
mary,2
masala,1
mason,2
masonsquare,1
masonrybit,1
masquito,1
mat,2
match,1
matchbox,2
material,3
maternalaunt,1
mathematical,1
mathematics,1
maths,1
matingmethodofpoultry,1
matrimonialhome,1
maturalgas,1
mature,1
maturity,1
mauritius,1
maximum,3
may,2
maybe,1
mazdoor,1
mean,2
measles,2
measure,3
measurement,2
measuringtape,1
meat,3
mechanic,4
mechanics,1
medal,1
medicine,1
meditate,1
mediumshrubs,1
meet,2
meeting,2
meghalaya,2
melt,4
meltingpoint,1
memo,1
memorize,1
memorycard,1
memoryunit,1
menstruation,1
menu,1
merchant,1
mercury,1
merger,1
meritanddemerits,1
message,3
messagevideo,1
messagesvideos,1
messenger,1
metal,2
meter,1
method,1
methodofaccounting,1
methodsofdrainage,1
metre,2
metro,1
mexico,1
mho,1
mixiaomi,1
mic,1
mickeymouse,1
microsd,1
micromaxmobile,1
microwave,1
might,1
miladunnabi,1
mildsteelrod,1
mile,3
milk,2
milkadultration,1
milkbottle,1
milkpowder,1
milksecretion,1
milkman,2
millilitre,3
milligram,1
millimetre,1
millingcutterangle,1
millingcutterconcave,1
millingcutterconvex,1
millionaire,1
milterhat,1
milterstripes,1
mime,1
mineralmatter,1
minimize,1
minimum,3
minister,2
ministryofsocialjusticeandempowerment,2
minor,2
minority,2
minute,2
minutes,2
mirror,3
misappropriation,1
misbehaviour,1
miscellaneous,1
missing,1
mistake,4
misunderstand,1
mitsubishimotors,1
mix,2
mixer,4
mixture,1
mizoram,6
mobilisationdeposit,1
mock,1
model,2
modern,2
modernroof,1
modification,1
mogra,2
molecuiarmotion,1
molecule,1
monday,13
monetary,1
money,1
moneyorder,1
moneylender,1
mongolia,1
monitoring,1
monkey,4
monocotledoneae,1
monsoon,1
monstertruck,1
month,8
monthlyreturn,1
monthlystatement,1
moon,2
moral,1
morning,4
mortgage,1
mosque,1
mosquito,1
mother,9
motherinlaw,1
mothertongue,1
motherboard,1
motion,1
motivate,1
motor,2
motorcycleairfilter,1
motorola,1
mountain,3
mouseclick,1
mousepad,1
mousepointer,1
mouth,3
mouthorgan,1
mouthparts,1
mouthspray,1
mouthwash,1
movableproperty,1
move,2
movement,1
movie,1
msexcel,1
mspowerpoint,1
mswindows,1
msword,1
mt,1
mtl,1
mtnl,1
mucosaldisease,1
mud,2
muffler,1
mug,2
mugshot,1
muharram,2
muitimeter,1
multistoreybuilding,1
multiple,1
multiply,2
mumbai,3
mumbs,1
mumps,1
murderandmurderer,1
murrayaexotica,1
museum,2
mushroom,2
mushroomharvesting,1
mushroompleating,1
mushroomproduction,1
mushroomstorage,1
music,2
musician,2
must,1
mute,1
mutualagreement,1
my,2
mynameis,1
myanmar,1
myself,2
mysuru,2
nagaland,2
nagpur,3
nail,2
nailcutter,1
nailpolish,2
namaste,1
name,9
namibia,1
napfabrick,1
narrow,2
national,2
nationalanthem,3
nationalassociationofthedeaf,1
nationalcapitalregion,2
nationalisation,1
nationalistcongressparty,2
natural,2
naturalgaurdian,1
naturalnumbers,1
nature,1
naughty,1
near,2
neat,1
necessary,1
neck,3
neckband,1
necklace,3
necttie,2
need,2
needle,2
negative,2
negativeerror,1
negligence,1
negligible,1
negogiableinstrumemts,1
nehrucollar,1
neighbor,1
neighbour,2
nematodecontrol,1
nematology,1
nepal,3
nephew,1
neptune,1
nervous,4
nest,2
netprofit,1
netajisubhaschandrabose,1
netflix,1
netherlands,1
network,3
neutral,1
neutron,1
never,3
new,2
newdelhi,2
newmoonday,2
newzealand,1
newlymarried,1
newlyweds,1
news,1
newspaper,2
newsreader,1
newton,1
next,5
nextmonth,1
nextweek,1
nextyear,1
nice,2
nicetomeetyou,1
niece,1
niger,1
nigeria,1
night,5
nine,2
nineteen,2
ninth,1
no,4
noduecertificate,1
noc,1
noise,2
noisepoiiution,1
noisepollution,1
nokiamobile,1
nominalvalue,1
nominate,1
nominee,1
nomographer,1
non,2
nonaccess,1
noninfectiousdisease,1
nonlegal,1
nonpayment,1
nonvegetarian,1
none,4
noon,3
norfolkjacket,1
north,3
northamerica,1
northkorea,1
northpoie,1
northpole,2
north-east,1
norway,1
nose,3
nosestud,2
notnegotiable,1
notarypublic,1
notchcollar,1
note,1
notebook,1
notesheet,1
notice,2
noticeboard,1
noun,2
november,3
now,3
nri,1
nsck,1
nuclearenergy,1
nuclearreactor,1
nucleus,1
numbersystem,1
numericalcontrol,1
numpad,1
nuncupativewill,1
nurse,4
nut,2
nutrition,1
oath,4
obedience,1
obey,2
object,1
objection,1
obligatesaprophyte,1
observation,1
occupation,1
octal,1
october,3
octopus,1
od,1
odisha,2
of,1
offseason,1
offshorebanking,1
offence,1
offer,1
office,3
officebearer,1
officebranch,1
officehours,1
officer,1
officerinchargeofjail,1
official,4
officiallanguage,1
officiating,1
offlineediting,1
often,4
oglefromheadtotoe,1
ohm,1
oil,2
okay,2
old,5
olderbrother,1
oldersister,1
olericulture,1
olympics,1
omit,1
on,2
oncloudnine,1
ondemand,1
onmedicalgrounds,1
onprobation,1
onthebasisoflifecycle,1
onthebasisofmajorcausalagents,1
onthebasisofpropagation,1
onthebasisofuseofpond,1
once,1
one,2
oneandahalfhours,1
onecrore,2
onelakh,2
oneplusmobile,1
onion,3
online,5
onlineediting,1
onlineshopping,1
only,1
ooty,3
opaque,1
open,3
openbeltdrive,1
opencircuit,1
opendated,1
openingbalance,1
operateanaccount,1
operation,2
opinion,2
oppomobile,1
opportunity,1
opposite,2
opposition,2
oppress,1
opticalcharacterrecognition,1
opticalfibercable,1
option,1
opuntia,1
oral,1
orange,5
orbit,1
order,5
orderstanding,1
organization,1
orientalbankofcommerce,1
oriya,3
ornaments,2
ornithology,1
oscillation,1
oscillator,1
osclllatorymotion,1
osmosis,1
ostrich,1
other,1
our,2
ourselves,1
out,2
outofdate,1
outofprint,1
outershell,1
output,2
outstanding,1
outstandingcheque,1
outstandingreport,1
over,3
overheadprojector,1
overvaluation,1
overwriting,1
overall,1
overcharge,1
overdue,1
overleaf,1
overseas,1
overtimeallowance,1
oviviviparous,1
oviparous,1
owe,1
owl,5
own,2
owner,3
ownercultivated,1
ox,1
paan,1
pacing,1
packingcredit,1
page,1
pagelayout,1
paidupcapital,1
paint,4
paise,1
pakistan,4
palazopants,1
palmtree,1
pamphlet,1
pamplet,1
pan,2
panaji,4
panama,1
panasonicmobile,1
paneldoor,1
panic,1
pant,2
pants,1
papaya,3
paper,2
paperclip,2
pappad,1
par,3
parabola,1
parachute,1
parade,1
paragraph,3
paraguay,1
parallel,1
parallelcircuit,1
paramedic,1
parameter,1
parapet,1
paratha,1
parcel,1
parent,1
parentbranch,1
parental,1
parents,2
parking,2
parkinsoniaaculeata,1
parliament,3
parricide,1
parrot,4
parsi,1
parttime,1
participation,1
particular,1
particulars,1
partlypaid,1
partner,1
partnership,1
partnershipdeed,1
party,1
pass,4
passbook,1
passto,1
passbookbank,1
passbookprintingmachine,1
passingofficial,1
passion,1
passivedebt,1
password,1
past,1
paste,1
pastry,1
patience,3
patna,3
patriotic,1
patrolcar,1
paw,1
paws,1
pay,2
payininstallment,2
payee,1
payingslip,1
paytm,2
paytmpaymentsbank,1
peacock,6
peak,2
peanut,1
pear,1
peas,3
peep,1
pen,5
pendrive,2
penalinterest,1
penality,1
pencil,9
pencilbox,1
pencilleg,1
pendulum,1
penguin,1
pentode,1
peon,4
people,1
pepper,1
perpro,1
percentage,3
perfect,5
perform,1
period,1
periodtime,1
periscope,1
permanent,5
permission,1
permit,1
perpendicular,1
person,3
personal,2
personality,1
peru,1
peterpancollar,1
peteti,1
petrol,1
pf,1
pharmacist,1
philippines,1
phone,1
photgraph,1
photocopy,1
photograph,2
photographer,1
photographiccamera,1
photographicplate,1
photoperiodism,1
photosynthesis,1
photosynthesisprocess,1
phyaicalbalance,1
physicaltraining,1
physics,2
piano,1
pickaxe,1
pickstitch,1
pickle,2
pickpocket,1
picture,2
piece,2
pig,4
pigments,1
pillow,4
pilot,2
pin,1
pineapple,1
pink,3
pinkingshears,1
pipe,1
piping,1
pisciculture,1
pista,1
piston,1
pizza,2
place,1
plaincementconcrete,1
plan,2
plane,1
planeconcavelens,1
planeconvexlens,1
planemirror,1
planet,4
plant,2
plantphysiology,1
plantwaterrelation,1
plantssuitedforaquarium,1
plastering,1
plastic,2
plate,4
play,3
please,3
plenty,2
plough,1
plug,1
plum,1
plumbbobandline,1
plumber,2
plumbing,1
plunger,1
pluto,1
podium,2
podiummic,1
point,2
poision,4
poison,2
poland,1
pole,2
polevault,1
police,3
policecar,1
policestation,1
policeman,2
policy,3
polish,1
polisher,1
polite,1
politician,1
politics,1
pollution,1
poloshrit,1
poltution,1
polygontool,1
polygraph,1
pomegranate,1
pomogranate,1
pond,3
pondonthebasisofsituation,1
pongal,1
poor,3
popcorn,1
portstab,1
portugal,1
positive,1
positiveerror,1
posltive,1
possible,2
post,1
postcard,1
postdated,1
postoffice,2
postvideo,1
poster,1
posting,1
postman,2
postpone,2
potato,3
potential,1
potentialenergy,1
potentiality,2
potentiometer,1
poultry,1
poultryfeeds,1
poultrymash,1
poultryproduction,1
poultryscience,1
pour,1
powder,2
power,3
powerduster,1
powerhacksaw,1
powerplugs,1
powersockets,1
powerlines,1
practical,1
practice,2
practise,2
pram,1
pray,3
prepaid,1
precaution,1
predecessor,1
predict,1
prefer,2
prejudice,1
preliminary,1
premature,1
premises,1
premium,1
prepare,1
preposition,1
prescribe,1
prescription,3
present,2
president,2
press,1
pressure,1
pressurecooker,1
pressurefoot,1
pretend,2
prevent,1
preventivemeasures,1
previous,1
priest,2
primary,1
primelocation,1
primeminister,2
principal,3
print,1
printedcircuitboard,1
printer,2
priority,1
prism,1
private,1
privategardens,1
privatesecretaryps,1
priyankachoprajonas,1
procircle,1
probing,1
problem,1
procedure,1
proceeding,1
process,4
produce,1
product,1
profession,3
professional,2
professor,1
profilelevelling,1
proforma,1
program,1
progress,1
prohibit,1
project,1
projectilemotion,1
projector,5
promise,4
promisorynote,1
promote,2
promotion,5
promptaction,1
pronoun,1
proof,3
propagation,1
propellerpump,1
property,2
propertylanded,1
propertypublic,1
propertytax,1
proprietory,1
prosecution,1
prospectus,1
protest,2
proton,1
proud,3
prove,2
provision,1
psychology,1
public,2
publicgardens,1
publication,1
publicitymaterial,1
publish,1
puducherry,2
puja,1
pull,1
pullsomeone'sleg,1
pullet,1
pulley,1
pump,1
pumpkin,2
punctual,3
pune,3
punish,2
punishment,1
punjab,5
punjabnationalbank,1
punjabi,3
puppet,1
puppetshow,1
purcolour,1
purchase,2
purchaseretum,1
pure,2
puri,1
purplefloweredplants,1
purpose,1
pusarlavenkatasindhu,1
push,1
putup,1
puzzle,1
pyjama,3
pyramid,1
python,1
quadraplicate,1
quadrupedalrobot,1
qualification,3
qualificationessential,1
qualified,1
quality,1
qualitycontrol,1
quarter,1
quarterended,1
queen,3
query,2
questionable,1
questionnaire,1
questions,1
queue,1
quick,1
quiet,1
quit,1
quota,1
quotation,1
quote,1
quran,1
rabbit,2
rabindranathtagore,1
race,1
racism,1
raddish,1
radiation,1
radio,4
radiowave,1
radish,1
rafter,1
raid,1
railroadswitch,1
railsection,1
railwayorcactushedges,1
railwaystation,1
railwaytrack,1
rain,5
rainbow,3
rainyorkharifseasonvegetables,1
raipur,2
raise,2
rajasthan,5
rajdhanitrain,2
ram,1
ramnavami,1
rama,1
ramzan,1
ranchi,2
random,1
randommotion,1
range,3
rank,2
ranveersingh,1
rapldly,1
rare,1
rarely,1
rasgulla,1
rashtriyajanatadal,1
rashtriyajantadal,2
rastergraphics,1
rat,3
rate,2
rateconcessional,1
ratedifferential,1
ratification,1
ratio,2
reacceptable,1
reemployment,1
reendorsed,1
reexamine,1
reissue,1
repledge,1
resale,1
reach,2
reaction,1
read,2
ready,1
realestateagent,2
realimage,1
realize,1
reaperbainder,1
reason,2
reasonablenotice,1
rebate,1
recall,1
receipt,2
receive,3
receiver,1
recent,1
recently,1
reception,4
recharge,1
recognise,1
recognised,1
recognize,1
recommendation,1
reconciliation,1
reconsider,1
record,5
recordvideo,2
recover,1
recruitment,1
rectangle,4
rectification,1
rectifier,1
recurring,1
recurringdeposit,1
red,4
redfloweredplants,1
redrotofsugarcane,1
refertodrawer,1
refinance,1
reflection,1
reform,1
refraction,1
refractiveindex,1
refreshercourse,1
refrigerater,1
refrigerator,2
refund,1
refusal,1
region,1
register,1
registered,1
registeredletter,1
registrar,1
regret,2
regular,2
regularvibration,1
regularisation,1
regulation,1
regulator,1
rehabilitation,2
reimbrusement,1
reinforcedcementconcrete,1
reject,1
rejoinder,1
relative,4
relayrace,2
reliancemobile,1
relief,1
religion,2
remember,3
remind,1
reminder,1
remittance,1
remove,4
renewal,1
renovation,1
rent,2
repair,4
repairer,1
repay,1
reply,2
report,1
representation,1
reproduction,1
republicday,2
repulsiveforce,1
repurchase,1
request,1
requirement,2
requisite,1
res,1
research,1
researchfarm,1
researcher,1
reservation,6
reservefund,1
residence,1
residentialbuilding,1
resign,2
resignation,1
resistor,2
resolution,1
resolve,1
resonance,1
resources,1
respect,2
responsibility,1
responsible,1
rest,3
restart,1
restaurant,2
restore,1
restrained,1
restricted,1
result,5
resume,1
retail,1
retentionofmoisture,1
retire,2
retumlnward,1
retumoutward,1
revalidation,1
revenue,1
reversible,1
revise,1
revised,1
revolution,1
revolve,1
revolvingchair,1
reward,3
rfosciilator,1
rhino,1
rhinoceros,1
rhinocerous,1
rhythmic,1
rice,3
rich,2
ride,1
ridgeboard,1
right,5
rightindent,1
rinderpest,1
ring,2
ringspanner,1
riots,1
ripout,1
ripe,1
risk,1
river,2
riverine,1
road,2
roadseparator,1
roam,1
roar,2
roasters,1
rock,3
rockclimbinggujarat,1
rockdrillmachine,1
rockgardeningorrockeries,1
rockeryplants,1
rocket,2
rockingchair,1
role,2
roll,2
rollerpaint,1
rollsroyce,1
roof,3
roofgarden,1
roofgriders,1
roofingtiles,1
room,3
rose,3
rotate,1
rotatingtool,1
rotational,1
rotationalmotion,1
rotten,1
roughcut,1
roughages,1
round,4
routine,1
rowhouse,1
royalenfield,1
royalty,1
rubberboots,1
rubberstamp,1
rude,2
rule,2
ruler,2
rum,1
run,4
runner,1
runningaccount,1
runs,1
rupee,1
rural,1
ruraldevelopment,1
ruraloriented,1
ruralwelfare,1
russia,3
rwanda,1
s.iunit,1
sachintendulkar,1
sacrifice,1
sad,3
safe,2
safeguard,1
safetygoggle,1
safetyhelmet,1
saibaba,1
sailboat,1
sailor,2
sailorcollar,1
sailorpants,1
sainanehwal,1
salary,2
salesretum,1
salesman,1
salmankhan,1
saloon,1
salt,2
salwar,1
salwarkameez,2
salyxtetrasperma,1
samajwadiparty,1
same,5
samosa,1
sample,1
samsung,1
samsungmobile,1
sanserif,1
sanction,1
sand,3
sandpaper,1
sandscreenmachine,1
sandwich,4
sandwitch,1
sanitarypad,2
sanjaydutt,1
saprophyteofplants,1
saraswati,1
sari,4
sarongskirt,1
sarvepalliradhakrishnan,1
satellites,1
satisfactory,1
satisfied,2
saturday,7
saturn,1
sauce,1
saudiarabia,1
saw,1
sc,1
scales,1
scalesofpay,1
scalpel,1
scan,1
scent,3
schedule,1
schematic,1
school,2
schoolbag,2
schoolbus,1
schooluniform,1
science,2
scientist,1
scissors,2
scold,2
scooter,2
scope,1
score,1
scorpion,1
scotland,1
scraping,1
screen,1
screwdriver,1
screwguage,1
scribe,1
script,1
sculptor,2
sculpture,1
sea,3
seal,1
seamallowance,1
seamripper,1
seamlinepocket,1
search,2
season,2
seat,1
second,2
secondary,1
secondarytillage,1
seconds,2
secret,3
secretary,1
sectionadmin,1
sector,1
security,1
securitycollateral,1
securitycontinuing,1
securityconvertible,1
securitydeposit,1
securityguard,1
seeyoutomorrow,1
seed,4
seizure,1
selectiongrade,1
selective,1
self,2
selfbalancing,2
selfemployed,1
selfexplanatory,1
selfish,2
self-reflect,1
sell,2
semianilineskin,1
semisolid,1
semiurban,1
semicircle,1
seminar,1
send,2
seniority,1
sentence,2
september,5
sequential,2
serialkiller,1
serialtv,2
servant,2
serve,1
service,2
sesbeniaaegyptiaca,1
set,1
settingofcement,1
settle,1
seven,2
seventeen,2
seventh,1
seventy,2
severally,1
sewingmachine,1
sex,1
sexualreproduction,1
seychelles,1
shaft,1
shahrukhkhan,1
shake,1
shallow,2
shankbutton,1
shape,2
shappels,4
sharbat,1
share,4
sharecapital,1
shareequity,1
shareholder,1
sharemarket,2
sharepreference,1
sharesredeemable,1
shark,1
sharp,1
sharpener,2
sharpeningstone,1
shatabdiexpress,1
shave,1
shavingblade,1
shavingbrush,1
shavingrazor,2
shavingtrimmer,1
shawl,5
she,2
shearling,1
shears,1
sheep,4
sheetcharge,1
shelltop,1
shift,2
shillong,2
shimla,2
shine,4
ship,2
shipment,1
shippingfreight,1
shippingorder,1
shirt,3
shivsena,1
shiva,3
shock,2
shoe,2
shoes,1
shoot,3
shooting,2
shop,3
shopkeeper,2
short,2
shortterm,1
shortage,1
shoulder,3
shoulderpads,1
shout,1
shovel,1
show,2
showcause,1
shower,1
shrubs,1
shutdown,1
shutter,1
shy,3
si,1
sibling,1
sick,6
sickunit,1
side,1
sidemirror,1
sightbill,1
sightseeing,1
signlanguage,1
signal,1
signatory,1
signature,2
signaturebridge,1
sikhism,2
sikkim,1
silk,5
silver,5
simcard,1
simla,1
simplemicroscope,1
simultaneous,2
since,1
sing,2
singapore,3
singer,1
singleentry,1
singleowner,1
sink,2
sister,5
sit,4
sitar,2
site,1
situation,1
six,3
sixmonthly,1
sixteen,2
sixty,2
size,5
sizeofseed,1
skating,1
skiing,1
skilledlabour,1
skin,3
skip,1
skirt,3
sky,3
slap,2
sleep,3
sleeveband,1
sleeveboard,1
slide,1
slim,1
slip,2
slippers,1
slope,1
slopedroof,1
slovakia,1
slow,2
slowpassengertrain,1
slower,1
sly,2
small,2
smallcoindepot,1
smallenterprise,1
smallfarmer,1
smallpox,3
smallsavingsscheme,1
smell,4
smile,2
smog,1
smoke,1
smooth,1
smsnotification,1
snail,2
snake,2
snakes,1
snow,4
soap,2
social,2
socialsociety,1
society,1
societyco,1
societymarketing,1
socket,1
socks,5
sofa,2
sofe,1
soft,2
softwaredeveloper,1
soideringlead,1
soil,1
soilbornedisease,1
soilphysics,1
soilscience,1
soilsurvey,1
soilwater,1
soilednote,1
solareclipse,1
solarenergy,1
solarsystem,1
solderingflux,1
solderingiron,1
soldier,2
solicitor,1
solld,1
solldfueis,1
solve,2
some,2
something,1
sometimes,3
somnambulistorsleepwalker,1
son,3
sonymobile,1
soon,1
sorry,4
sotar,1
soul,1
sound,2
soup,2
source,1
south,3
southafrica,1
southamerica,2
southindianbank,1
southkorea,1
southpoie,1
southpole,2
southernhemisphere,1
sow,1
space,1
spain,1
spanner,2
sparrow,3
spastic,1
speak,2
special,3
specific,1
specimen,1
specimensignature,1
speclficheat,1
spectacles,1
spectrometer,1
spectrum,1
speechtherapist,2
speed,1
spend,1
spendthrift,1
sperm,1
sphere,4
sphericalmirror,1
sphericalstructure,1
spicejet,1
spider,2
spill,1
spilt,1
spiral,1
splitpulley,1
spoil,2
sponsor,1
spoon,2
sports,1
spot,1
spotandforward,1
spotenchange,1
spotprice,1
spring,1
springwasher,1
square,3
squeeze,1
squirrel,2
squrriel,2
srilanka,1
st,1
stabilisation,1
staff,1
stage,1
stags,1
stairtread,1
stairs,1
stamp,1
stand,2
stapler,1
stapoo,1
star,3
starfish,1
stars,2
start,4
startle,1
starve,1
state,2
statebankofindia,1
statement,1
statementofaccount,1
statementofliquidation,1
states,1
staticelectricity,1
stationarywork,1
stationery,2
statlonarywave,1
status,1
std,1
steadycurrent,1
steamtractor,1
stearnengine,1
steel,3
steelrack,1
steeringwheel,1
stepdowntransformer,1
stepuptransformer,1
stick,1
still,1
stingy,1
stink,1
stir,1
stitch,1
stock,1
stockbook,1
stockchart,1
stockclosing,1
stockinhand,1
stockopening,1
stomach,1
stone,3
stonemasonry,1
stop,3
stopgap,1
storage,1
storeyskyscraper,2
storm,3
story,2
stove,2
straight,3
straightforward,1
strange,1
streaming,1
strength,2
stress,1
stressed,1
stretch,1
strict,2
strike,1
strongroom,1
stubborn,1
stuck,1
student,2
study,2
stumps,1
subdirectory,1
subhead,1
sublease,1
subhaschandrabose,1
subjectmatter,1
submergedweeds,1
submersiblepump,1
submission,1
subordinate,1
subscription,1
subsidy,2
subtract,3
subway,1
succession,1
sudan,1
sudden,1
sue,1
suffer,1
sufficient,1
sugar,3
sugarcane,1
suggest,1
sum,1
summary,2
summer,1
summon,1
summons,1
sun,4
sunday,7
sundry,1
sundrycreditors,1
sundrydebtors,1
sunflower,3
sunlight,1
sunny,1
sunrise,3
sunset,3
super,1
supercomputer,1
superfastexpress,1
superficial,2
superman,1
superposltion,1
supersession,1
superstition,1
supervision,1
supervisor,1
supplementary,1
supply,1
support,2
supremecourt,1
surat,3
surcharge,1
surety,1
surfaceeroisn,1
surfacerunoff,1
surfacewater,1
surgeon,2
surname,3
surplus,1
surprise,2
surprised,1
surrender,1
surrounding,1
survey,1
survivorship,1
suspect,4
suspend,1
suspendpayment,1
suzukicar,1
swallow,4
swamivivekananda,1
swaziland,1
swear,1
sweat,3
sweater,4
sweden,1
sweep,2
sweet,3
sweetlime,3
sweets,1
swim,3
swimming,1
swinefarming,1
swing,3
switch,3
switchbox,1
switzerland,1
symbol,1
sympathy,1
symptomsofnematodediseasesofplants,1
syndication,1
syria,1
system,2
systemoffeedingpoultry,1
systemicdisease,1
tabala,1
tabernaemontanacoronaria,1
tabla,1
table,3
tabletennis,2
tablet,1
tagetus,1
tail,2
tailer,1
tailor,2
taiwan,1
tajhotel,1
tajmahal,1
take,2
takeabath,1
takealongtimeatsomething,1
takeaphoto,1
takehomepay,1
takeover,1
talk,3
tall,5
tallornamentalhedges,1
tallprotectivehedges,1
tallshrubs,1
tally,2
taluk,1
tamarixgallica,1
tamil,3
tamilnadu,3
tanzania,1
tap,2
tape,1
tariff,1
taskforce,1
taskwage,1
taste,4
tatacar,1
tatamobile,1
tattoo,1
tax,2
taxexemption,1
taxprofession,1
taxproperty,1
taxable,1
taxi,2
tea,2
teacher,2
team,2
tear,1
tearsheet,1
teaserbull,1
technician,2
technoiogy,1
technology,1
tecomastans,1
teeth,2
telangana,4
telegram,1
telephone,2
telescope,1
television,3
tell,2
teller,1
telugu,2
temperatefruits,1
temperature,5
temple,2
temporary,3
ten,2
tenthousand,2
tenancy,1
tender,1
tennis,2
tension,1
termofoffice,1
termtechnical,1
terminate,1
termsofservice,1
terrace,2
territorial,1
terrorist,1
testindore,1
testament,1
testify,2
thailand,1
thankyou,6
that,2
thatchedroof,1
their,1
theirs,1
them,1
themselves,2
then,2
therapist,1
there,2
thermal,1
thermalenergy,1
thermoelectricity,1
thermometer,4
thermostat,1
these,1
thevetianeriefolia,1
they,2
thick,1
thief,2
thigh,2
thin,2
things,3
think,3
third,1
thirdparty,1
thirsty,1
thirteen,2
thirty,2
thiruvananthapuram,2
thorn,2
those,1
thousand,2
thread,2
threadgauge,1
threading,1
three,2
threedaysafter,1
threedaysbefore,1
threequarteredsleeve,1
thrice,2
thriff,1
throat,3
throatplate,1
through,1
throw,2
thumbimpression,1
thumblunula,1
thunder,3
thursday,11
ticketchecker,1
tie,4
tiffin,1
tiffinbox,1
tiger,2
tight,3
tightmoneymarket,1
tighttracking,1
tilescutter,1
tiller,1
tilts,1
time,3
timebound,1
timetable,2
timid,1
tinda,2
tippedtool,1
tired,2
title,1
titlebar,1
tldalenergy,1
to,1
toconsumers,1
toretailers,1
toast,1
toaster,1
today,3
toenail,1
toes,2
toffee,1
together,2
togglebutton,1
toilet,4
tomandjerry,1
tomato,1
tomorrow,3
tongs,3
tongue,3
tonic,3
tonight,1
tool,2
toolbelt,1
toolbox,1
tools,1
tootbrush,1
tooth,1
toothbrush,2
toothpaste,3
toothpick,1
top,2
topmanagement,1
topic,1
torch,3
tornado,1
tortoise,5
totalenergy,1
touch,2
touchscreen,1
towards,1
towel,3
town,4
toy,1
toyota,1
track,1
trackball,1
tractivework,1
tractor,3
trade,2
tradediscount,1
trader,1
traditional,1
traffic,1
trafficlights,1
train,5
training,1
transcription,1
transfer,2
transferfee,1
transfermoney,1
transformationofenergy,1
transformer,1
transgender,1
transistor,1
translate,2
translationofmotion,1
translator,1
transparent,3
transport,2
transversewave,1
travel,3
travelagent,1
treasury,1
tree,4
trisquare,1
trialbalance,1
triangle,5
tribal,1
tribunal,1
triode,1
trip,1
triple,2
tripura,8
trivendrum,1
trouble,4
troughs,1
truck,2
truecopy,1
trunk,4
trust,4
trustdeed,1
trustee,1
trustworthiness,1
try,4
tubewell,1
tubelight,3
tuberculosis,3
tuesday,6
tugofwarharyana,1
tulipsleeve,1
tumover,1
tunic,1
tunisia,1
tunningfork,1
turkey,3
turn,2
turnout,1
tuseday,2
tusks,1
tusts,1
tvsbike,1
twelve,2
twenty,2
twentyone,2
twin,2
twins,2
twistfront,1
twitter,2
two,2
twodaysafter,1
twodaysbefore,1
twothousand,2
typesoffarmplanning,1
typesofvegetablegardening,1
typesofwatergarden,1
typist,2
typographicalerror,1
typwriter,1
tyre,1
uneck,1
ucobank,1
uganda,1
ugly,1
uitrasonic,1
uitravioletray,1
ukraine,1
ultravioletrayglass,1
umaidbhawanpalace,1
umbrella,4
umpire,1
unanimous,1
unauthorised,1
unavoidable,1
unbalance,1
uncalled,1
uncertainity,1
unclaimed,1
uncle,1
uncomfortable,1
unconditional,1
uncovered,1
uncumbered,1
underconsideration,1
underdeveloped,1
undermentioned,1
underreview,1
understitch,1
undersubscirbed,1
undertheweather,1
undervaluation,1
undergroundsymptoms,1
underhand,1
understand,6
undertaking,1
underwriter,1
undivided,1
unearned,1
unemployment,1
unfairdismissal,3
unfit,1
uniform,1
uniformmotion,1
unifrom,1
union,1
unionbankofindia,1
unit,2
unite,2
unitedarabemirates,1
unitedkingdom,1
unitednations,1
unitednationsconventionontherightsofpersonswithdisabilitiesuncrpd,2
unitedstatesofamerica,2
universe,1
university,3
unix,1
unlimited,2
unlucky,1
unofficial,1
unpaid,1
unregistered,1
until,2
up,2
upperagelimit,1
upperdivisionclerk,1
upset,2
upward,1
uranus,1
urdu,2
urgent,1
uruguay,1
us,1
utilityofmushroom,1
uttarpradesh,2
uttarakhand,1
uzbekistan,1
vbelt,1
vneck,1
vacancy,1
vacation,2
vaccum,1
vada,1
vadodara,2
vaishnodevi,1
valid,1
valley,4
valuableconsideration,1
value,1
valuescale,1
van,1
vapour,1
varanasi,2
variable,3
varietiesofmushroom,1
variety,2
vault,1
vaultsafedeposit,1
vectorgraphics,1
vegetablepreservation,1
vegetables,2
vegetarian,1
vehicle,1
vehicles,2
velcro,1
velocity,1
vendee,1
vendor,1
venezuela,1
vent,1
venus,1
verb,1
verdict,1
verification,2
verniercaliper,1
versus,1
vertical,1
verticalscrollbar,1
very,1
veryhot,2
verywealthyperson,1
vessel,3
veteran,1
veterinarian,1
vibrantimage,1
vibration,1
vicepresident,1
victory,2
vide,1
video,2
videocall,1
videocamera,2
videocard,1
videocassetterecorder,1
videorelayservice,1
videographer,1
vidyasagarsetu,1
vietnam,2
view,3
vigilance,1
vijayabank,1
village,3
violet,1
violin,1
viraldiseasesanimals,1
viratkohli,1
virtualimage,1
virus,3
visa,3
vishnu,1
visibleray,1
vision,3
visit,1
visitor,1
visual,1
visualaid,1
vital,1
vivekanandarockmemorial,1
vocabulary,1
vocation,1
vodafone,1
vodka,2
voice,1
voit,1
volcano,5
volkswagen,2
volleyball,2
voltmeter,2
volume,2
voluntarily,1
vomit,1
vote,2
voucher,1
wage,1
waist,3
wait,4
waiter,1
waitinglist,1
waitingroom,1
waive,1
wake,1
wales,1
walk,3
wall,1
wallgarden,1
wallet,1
want,3
war,2
warehouse,1
warm,4
warn,2
warning,1
wash,7
washbasin,1
washerman,1
washingmachine,1
washroom,1
wastage,1
waste,2
watch,4
water,4
waterbottle,1
watererosion,1
waterfilter,1
waterliftingequipments,1
waterloggedhedges,1
watermotor,1
waterpipe,1
waterpollution,1
waterfall,4
watermelon,2
watt,1
wattmeter,1
wave,3
wavelength,1
waveform,1
wavegraph,1
wavemotion,1
waves,2
wavyhair,1
wax,1
waxing,1
way,3
ways,1
we,2
weak,5
wealth,1
wealthy,1
weapon,1
wear,2
weather,1
weave,1
weaver,2
webcamera,1
website,3
wedding,7
weddingreception,3
wedge,1
wednesday,7
weedsneartopondmargin,1
week,6
weekly,2
weeklyreturn,1
weight,5
weightlifting,1
weird,2
welder,4
weldinghandscreen,1
well,1
west,4
westbengal,2
westindies,3
wet,2
whale,2
what,2
whathappened,1
whatisyourname,1
whattime,2
whatever,1
whatsapp,1
whatsappnotification,1
wheat,2
wheatrust,1
wheeledrobots,1
when,2
where,2
which,2
while,1
whistle,2
white,4
whitecollarjob,1
whitefloweredplants,1
whiteboard,1
who,2
wholesale,1
wholesalemerchants,1
whose,1
why,4
wicket,1
wicketkeeper,1
wide,2
wife,5
wifi,3
wikipedia,2
wildswine,1
will,1
win,2
wind,4
windbornedisease,1
windenergy,1
winderosion,1
windingup,1
window,3
windowdressing,1
windowgarden,1
wine,2
winner,2
winter,1
wipe,1
wire,2
wireman,1
wirestripper,1
wiring,2
wise,2
wish,1
with,1
withdrawmoneyfrombank,1
withdrawalslip,1
withhold,1
without,3
withoutprejudice,1
witness,1
wolf,3
woman,3
womenjail,1
wood,5
woodplane,1
woodpecker,1
wool,3
word,2
wordpad,1
wordsandfigures,1
work,5
workingcapital,1
workinghours,1
workshop,1
world,2
worldassociationofsignlanguageinterpreters,1
worldfederationofthedeaf,2
worldfederationofthedeafyouthsection,1
worry,2
wound,3
woven,1
wrench,1
wrestling,3
writ,1
write,2
writer,1
writtendownvalue,1
wrong,3
xray,1
xbox,1
x-ray,1
xylophone,1
yahoo,1
yak,2
yamahabike,1
yardstick,1
year,5
yearbook,1
yearcalender,1
yearfinancial,1
yearofharvest,1
yeartoyear,1
yearunderreport,1
yellow,8
yellowfloweredplants,1
yes,2
yesterday,3
yoga,1
yoke,1
yolk,1
you,3
young,2
younger,1
youngerbrother,1
youngersister,1
your,3
yourself,2
youth,1
youthassociationofthedeafindia,2
youtube,1
zambia,1
zebra,3
zebracrossing,2
zero,1
zerocorrection,1
zeroerror,1
zigzag,1
zimbabwe,1
zincsheet,1
zip,2
zipper,1
zipperfoot,1
zonal,1
zone,1
zoo,4
zoom,1
TRUE,4
